-- phpMyAdmin SQL Dump
-- version 4.8.0.1
-- https://www.phpmyadmin.net/
--
-- Host: 127.0.0.1
-- Generation Time: May 30, 2018 at 07:21 AM
-- Server version: 10.1.30-MariaDB
-- PHP Version: 7.2.2

SET SQL_MODE = "NO_AUTO_VALUE_ON_ZERO";
SET AUTOCOMMIT = 0;
START TRANSACTION;
SET time_zone = "+00:00";


/*!40101 SET @OLD_CHARACTER_SET_CLIENT=@@CHARACTER_SET_CLIENT */;
/*!40101 SET @OLD_CHARACTER_SET_RESULTS=@@CHARACTER_SET_RESULTS */;
/*!40101 SET @OLD_COLLATION_CONNECTION=@@COLLATION_CONNECTION */;
/*!40101 SET NAMES utf8mb4 */;

--
-- Database: `leaveform`
--

-- --------------------------------------------------------

--
-- Table structure for table `lvf_employee`
--

CREATE TABLE `lvf_employee` (
  `id` int(15) NOT NULL,
  `name` varchar(100) NOT NULL,
  `dob` date DEFAULT NULL,
  `position` varchar(100) NOT NULL,
  `department` varchar(100) NOT NULL,
  `manager` varchar(100) NOT NULL,
  `departmenthead` varchar(100) NOT NULL,
  `created_at` datetime NOT NULL
) ENGINE=InnoDB DEFAULT CHARSET=latin1;

--
-- Dumping data for table `lvf_employee`
--

INSERT INTO `lvf_employee` (`id`, `name`, `dob`, `position`, `department`, `manager`, `departmenthead`, `created_at`) VALUES
(1, 'Mark Anthony Naluz', '1993-10-11', 'Web Developer', 'MSW - Webdev', 'Christian Realubit', 'Reynato Roallos Jr.', '2018-05-21 16:04:11'),
(2, 'Aliza Joy Solomon', '1996-05-31', 'Web Designer', 'MSW - Webdev', 'Christian Realubit', 'Reynato Roallos Jr.', '2018-05-21 16:04:11'),
(3, 'Kristallynn Tolentino', '1993-06-23', 'Web Designer', 'MSW - Webdev', 'Christian Realubit', 'Reynato Roallos Jr.', '2018-05-21 16:04:11'),
(4, 'Resty Jay Alejo', '1993-05-06', 'Jr. Web Developer', 'MSW - Webdev', 'Christian Realubit', 'Reynato Roallos Jr.', '2018-05-21 16:04:11'),
(5, 'Jai-Ann Sotto', '1991-07-12', 'System Analyst', 'MSW - Webdev', 'Mary grace eden Basuel', 'Reynato Roallos Jr.', '2018-05-21 16:04:11'),
(6, 'Mary grace eden basuel', '1986-09-18', 'Project manager', 'MSW - Webdev', 'Reynato Roallos Jr.', 'Jeff Mann', '2018-05-21 16:04:11'),
(7, 'Christian Realubit', '1984-07-06', 'Dev manager', 'MSW - Webdev', 'Reynato Roallos Jr.', 'Jeff Mann', '2018-05-21 16:04:11'),
(8, 'Sherwin Macalintal', '1986-09-11', 'Web Developer', 'MSW - Webdev', 'Christian Realubit', 'Reynato Roallos Jr.', '2018-05-21 16:04:11'),
(9, 'John Paul Quidilla', '1994-11-08', 'QA Analyst', 'MSW - Webdev', 'Mary grace eden basuel', 'Reynato Roallos Jr.', '2018-05-21 16:04:11');

-- --------------------------------------------------------

--
-- Table structure for table `lvf_leavebalance`
--

CREATE TABLE `lvf_leavebalance` (
  `id` int(11) NOT NULL,
  `employee_id` int(11) DEFAULT NULL,
  `vacationleave` varchar(50) DEFAULT NULL,
  `sickleave` varchar(50) DEFAULT NULL,
  `birthleave` varchar(50) DEFAULT NULL,
  `created_at` datetime DEFAULT NULL
) ENGINE=InnoDB DEFAULT CHARSET=latin1;

--
-- Dumping data for table `lvf_leavebalance`
--

INSERT INTO `lvf_leavebalance` (`id`, `employee_id`, `vacationleave`, `sickleave`, `birthleave`, `created_at`) VALUES
(1, 1, '6.38/13.88', '10/10', '1', '2018-05-15 02:44:28'),
(2, 4, '0', '0', '1', '2018-05-21 16:04:11'),
(3, 3, '11.43/11.43', '10/10', '1', '2018-05-21 16:04:11'),
(4, 2, '10.96/4.96', '10/10', '1', '2018-05-21 16:04:11'),
(5, 5, '6/15', '5.5/10', '1', '2018-05-21 16:04:11'),
(6, 6, '10/15', '9/10', '1', '2018-05-21 16:04:11'),
(7, 7, '7/15', '9.5/10', '1', '2018-05-21 16:04:11'),
(8, 8, '4.5/15', '10/10', '1', '2018-05-22 16:25:13'),
(9, 9, '12.43/14.43', '8/10', '1', '2018-05-21 16:04:11');

-- --------------------------------------------------------

--
-- Table structure for table `lvf_leavehistory`
--

CREATE TABLE `lvf_leavehistory` (
  `id` int(11) NOT NULL,
  `employee_id` int(15) DEFAULT NULL,
  `title` text NOT NULL,
  `types` varchar(100) DEFAULT NULL,
  `reason` text,
  `start` date NOT NULL,
  `end` date NOT NULL,
  `days` varchar(11) NOT NULL,
  `processedby` varchar(50) NOT NULL,
  `created_at` datetime NOT NULL
) ENGINE=InnoDB DEFAULT CHARSET=latin1;

--
-- Dumping data for table `lvf_leavehistory`
--

INSERT INTO `lvf_leavehistory` (`id`, `employee_id`, `title`, `types`, `reason`, `start`, `end`, `days`, `processedby`, `created_at`) VALUES
(1, 1, 'Vacation Leave', 'LWP', 'Personal', '2018-06-01', '2018-06-01', '1', 'mnaluz', '2018-05-30 12:08:36'),
(2, 1, 'Vacation Leave', 'LWP', 'Personal', '2018-06-04', '2018-06-05', '2', 'mnaluz', '2018-05-30 12:09:26');

-- --------------------------------------------------------

--
-- Table structure for table `lvf_sessions`
--

CREATE TABLE `lvf_sessions` (
  `id` varchar(128) NOT NULL,
  `ip_address` varchar(45) NOT NULL,
  `timestamp` int(10) UNSIGNED NOT NULL DEFAULT '0',
  `data` blob NOT NULL
) ENGINE=InnoDB DEFAULT CHARSET=latin1;

--
-- Dumping data for table `lvf_sessions`
--

INSERT INTO `lvf_sessions` (`id`, `ip_address`, `timestamp`, `data`) VALUES
('f4pos9k1j33a0o5nvelqbu777iicr4m8', '::1', 1527643867, 0x5f5f63695f6c6173745f726567656e65726174657c693a313532373634333836373b7573657269647c733a313a2231223b6b65797c4e3b656d7069647c733a313a2231223b756e616d657c733a363a226d6e616c757a223b656d61696c7c733a33373a224d61726b416e74686f6e792e4e616c757a406d65676173706f727473776f726c642e636f6d223b66756c6c6e616d657c733a31383a224d61726b20416e74686f6e79204e616c757a223b6c6f676765645f696e7c623a313b),
('04fbjigmudc8efe3prup7o462rf23d2i', '::1', 1527644229, 0x5f5f63695f6c6173745f726567656e65726174657c693a313532373634343232393b7573657269647c733a313a2231223b6b65797c4e3b656d7069647c733a313a2231223b756e616d657c733a363a226d6e616c757a223b656d61696c7c733a33373a224d61726b416e74686f6e792e4e616c757a406d65676173706f727473776f726c642e636f6d223b66756c6c6e616d657c733a31383a224d61726b20416e74686f6e79204e616c757a223b6c6f676765645f696e7c623a313b),
('ii28mjedt2k9hs83g1vabdql0d1gpkkc', '::1', 1527644539, 0x5f5f63695f6c6173745f726567656e65726174657c693a313532373634343533393b7573657269647c733a313a2231223b6b65797c4e3b656d7069647c733a313a2231223b756e616d657c733a363a226d6e616c757a223b656d61696c7c733a33373a224d61726b416e74686f6e792e4e616c757a406d65676173706f727473776f726c642e636f6d223b66756c6c6e616d657c733a31383a224d61726b20416e74686f6e79204e616c757a223b6c6f676765645f696e7c623a313b),
('l72hb0op37jr9df7pt2qoeu6sf11jn37', '::1', 1527644863, 0x5f5f63695f6c6173745f726567656e65726174657c693a313532373634343836333b7573657269647c733a313a2231223b6b65797c4e3b656d7069647c733a313a2231223b756e616d657c733a363a226d6e616c757a223b656d61696c7c733a33373a224d61726b416e74686f6e792e4e616c757a406d65676173706f727473776f726c642e636f6d223b66756c6c6e616d657c733a31383a224d61726b20416e74686f6e79204e616c757a223b6c6f676765645f696e7c623a313b),
('0cvn3n2f7juqb721s9m0psk9kdhov467', '::1', 1527645180, 0x5f5f63695f6c6173745f726567656e65726174657c693a313532373634353138303b7573657269647c733a313a2231223b6b65797c4e3b656d7069647c733a313a2231223b756e616d657c733a363a226d6e616c757a223b656d61696c7c733a33373a224d61726b416e74686f6e792e4e616c757a406d65676173706f727473776f726c642e636f6d223b66756c6c6e616d657c733a31383a224d61726b20416e74686f6e79204e616c757a223b6c6f676765645f696e7c623a313b),
('td4oj75upjju98uh5ogen011skgkoq24', '::1', 1527646864, 0x5f5f63695f6c6173745f726567656e65726174657c693a313532373634363836343b7573657269647c733a313a2231223b6b65797c4e3b656d7069647c733a313a2231223b756e616d657c733a363a226d6e616c757a223b656d61696c7c733a33373a224d61726b416e74686f6e792e4e616c757a406d65676173706f727473776f726c642e636f6d223b66756c6c6e616d657c733a31383a224d61726b20416e74686f6e79204e616c757a223b6c6f676765645f696e7c623a313b),
('uuoc8ogreboddbtcp9iklim6i2aaptcf', '::1', 1527647214, 0x5f5f63695f6c6173745f726567656e65726174657c693a313532373634373231343b7573657269647c733a313a2231223b6b65797c4e3b656d7069647c733a313a2231223b756e616d657c733a363a226d6e616c757a223b656d61696c7c733a33373a224d61726b416e74686f6e792e4e616c757a406d65676173706f727473776f726c642e636f6d223b66756c6c6e616d657c733a31383a224d61726b20416e74686f6e79204e616c757a223b6c6f676765645f696e7c623a313b),
('55eqngn7snbetnt6p4809hpcmtirdes5', '::1', 1527647563, 0x5f5f63695f6c6173745f726567656e65726174657c693a313532373634373536333b7573657269647c733a313a2231223b6b65797c4e3b656d7069647c733a313a2231223b756e616d657c733a363a226d6e616c757a223b656d61696c7c733a33373a224d61726b416e74686f6e792e4e616c757a406d65676173706f727473776f726c642e636f6d223b66756c6c6e616d657c733a31383a224d61726b20416e74686f6e79204e616c757a223b6c6f676765645f696e7c623a313b),
('vofs7o8pkbva4qrimbcs0cps8des8sqa', '::1', 1527647935, 0x5f5f63695f6c6173745f726567656e65726174657c693a313532373634373933353b7573657269647c733a313a2231223b6b65797c4e3b656d7069647c733a313a2231223b756e616d657c733a363a226d6e616c757a223b656d61696c7c733a33373a224d61726b416e74686f6e792e4e616c757a406d65676173706f727473776f726c642e636f6d223b66756c6c6e616d657c733a31383a224d61726b20416e74686f6e79204e616c757a223b6c6f676765645f696e7c623a313b),
('i2d70m55ecq6vt4tgnlv898r6sbbmpsg', '::1', 1527648262, 0x5f5f63695f6c6173745f726567656e65726174657c693a313532373634383236323b7573657269647c733a313a2231223b6b65797c4e3b656d7069647c733a313a2231223b756e616d657c733a363a226d6e616c757a223b656d61696c7c733a33373a224d61726b416e74686f6e792e4e616c757a406d65676173706f727473776f726c642e636f6d223b66756c6c6e616d657c733a31383a224d61726b20416e74686f6e79204e616c757a223b6c6f676765645f696e7c623a313b),
('8muooac41unfik7m9u6ftjrgp4uqapq1', '::1', 1527648596, 0x5f5f63695f6c6173745f726567656e65726174657c693a313532373634383539363b7573657269647c733a313a2231223b6b65797c4e3b656d7069647c733a313a2231223b756e616d657c733a363a226d6e616c757a223b656d61696c7c733a33373a224d61726b416e74686f6e792e4e616c757a406d65676173706f727473776f726c642e636f6d223b66756c6c6e616d657c733a31383a224d61726b20416e74686f6e79204e616c757a223b6c6f676765645f696e7c623a313b),
('t4fti7kkod1jaqn19qhb5j29tnkcrd8c', '::1', 1527648915, 0x5f5f63695f6c6173745f726567656e65726174657c693a313532373634383931353b7573657269647c733a313a2231223b6b65797c4e3b656d7069647c733a313a2231223b756e616d657c733a363a226d6e616c757a223b656d61696c7c733a33373a224d61726b416e74686f6e792e4e616c757a406d65676173706f727473776f726c642e636f6d223b66756c6c6e616d657c733a31383a224d61726b20416e74686f6e79204e616c757a223b6c6f676765645f696e7c623a313b),
('8g0rd1rngmti5jgo3kn10bkif83urhii', '::1', 1527649297, 0x5f5f63695f6c6173745f726567656e65726174657c693a313532373634393239373b7573657269647c733a313a2231223b6b65797c4e3b656d7069647c733a313a2231223b756e616d657c733a363a226d6e616c757a223b656d61696c7c733a33373a224d61726b416e74686f6e792e4e616c757a406d65676173706f727473776f726c642e636f6d223b66756c6c6e616d657c733a31383a224d61726b20416e74686f6e79204e616c757a223b6c6f676765645f696e7c623a313b),
('c7g9nkbusfk3avt48cj32julgkhe5j10', '::1', 1527649634, 0x5f5f63695f6c6173745f726567656e65726174657c693a313532373634393633343b7573657269647c733a313a2231223b6b65797c4e3b656d7069647c733a313a2231223b756e616d657c733a363a226d6e616c757a223b656d61696c7c733a33373a224d61726b416e74686f6e792e4e616c757a406d65676173706f727473776f726c642e636f6d223b66756c6c6e616d657c733a31383a224d61726b20416e74686f6e79204e616c757a223b6c6f676765645f696e7c623a313b),
('nvpnnjdsm8rk1gnnmug74tru3s40b296', '::1', 1527649969, 0x5f5f63695f6c6173745f726567656e65726174657c693a313532373634393936393b7573657269647c733a313a2231223b6b65797c4e3b656d7069647c733a313a2231223b756e616d657c733a363a226d6e616c757a223b656d61696c7c733a33373a224d61726b416e74686f6e792e4e616c757a406d65676173706f727473776f726c642e636f6d223b66756c6c6e616d657c733a31383a224d61726b20416e74686f6e79204e616c757a223b6c6f676765645f696e7c623a313b),
('i3cqtoqiiamggusm8b46vep52ofjohh3', '::1', 1527650299, 0x5f5f63695f6c6173745f726567656e65726174657c693a313532373635303239393b7573657269647c733a313a2231223b6b65797c4e3b656d7069647c733a313a2231223b756e616d657c733a363a226d6e616c757a223b656d61696c7c733a33373a224d61726b416e74686f6e792e4e616c757a406d65676173706f727473776f726c642e636f6d223b66756c6c6e616d657c733a31383a224d61726b20416e74686f6e79204e616c757a223b6c6f676765645f696e7c623a313b),
('ffmn6vehqgglmbaitk5bc049kfvvejrh', '::1', 1527650638, 0x5f5f63695f6c6173745f726567656e65726174657c693a313532373635303633383b7573657269647c733a313a2231223b6b65797c4e3b656d7069647c733a313a2231223b756e616d657c733a363a226d6e616c757a223b656d61696c7c733a33373a224d61726b416e74686f6e792e4e616c757a406d65676173706f727473776f726c642e636f6d223b66756c6c6e616d657c733a31383a224d61726b20416e74686f6e79204e616c757a223b6c6f676765645f696e7c623a313b),
('1d4o560hmlkic59546gng8nb4kve7kk9', '::1', 1527651019, 0x5f5f63695f6c6173745f726567656e65726174657c693a313532373635313031393b7573657269647c733a313a2231223b6b65797c4e3b656d7069647c733a313a2231223b756e616d657c733a363a226d6e616c757a223b656d61696c7c733a33373a224d61726b416e74686f6e792e4e616c757a406d65676173706f727473776f726c642e636f6d223b66756c6c6e616d657c733a31383a224d61726b20416e74686f6e79204e616c757a223b6c6f676765645f696e7c623a313b),
('l153ug08mic7hd0cfkesrp1r1bbjat3p', '::1', 1527651329, 0x5f5f63695f6c6173745f726567656e65726174657c693a313532373635313332393b7573657269647c733a313a2231223b6b65797c4e3b656d7069647c733a313a2231223b756e616d657c733a363a226d6e616c757a223b656d61696c7c733a33373a224d61726b416e74686f6e792e4e616c757a406d65676173706f727473776f726c642e636f6d223b66756c6c6e616d657c733a31383a224d61726b20416e74686f6e79204e616c757a223b6c6f676765645f696e7c623a313b),
('8bo3m3c2ir3rsdoq8mibttl8ej0okioc', '::1', 1527651666, 0x5f5f63695f6c6173745f726567656e65726174657c693a313532373635313636363b7573657269647c733a313a2231223b6b65797c4e3b656d7069647c733a313a2231223b756e616d657c733a363a226d6e616c757a223b656d61696c7c733a33373a224d61726b416e74686f6e792e4e616c757a406d65676173706f727473776f726c642e636f6d223b66756c6c6e616d657c733a31383a224d61726b20416e74686f6e79204e616c757a223b6c6f676765645f696e7c623a313b),
('t3cn9m6thjg6mgo6bvajv77ltmagom6p', '::1', 1527652013, 0x5f5f63695f6c6173745f726567656e65726174657c693a313532373635323031333b7573657269647c733a313a2231223b6b65797c4e3b656d7069647c733a313a2231223b756e616d657c733a363a226d6e616c757a223b656d61696c7c733a33373a224d61726b416e74686f6e792e4e616c757a406d65676173706f727473776f726c642e636f6d223b66756c6c6e616d657c733a31383a224d61726b20416e74686f6e79204e616c757a223b6c6f676765645f696e7c623a313b),
('roafe20ce7cflfgfjpht6fic3jshkk5e', '::1', 1527652318, 0x5f5f63695f6c6173745f726567656e65726174657c693a313532373635323331383b7573657269647c733a313a2231223b6b65797c4e3b656d7069647c733a313a2231223b756e616d657c733a363a226d6e616c757a223b656d61696c7c733a33373a224d61726b416e74686f6e792e4e616c757a406d65676173706f727473776f726c642e636f6d223b66756c6c6e616d657c733a31383a224d61726b20416e74686f6e79204e616c757a223b6c6f676765645f696e7c623a313b),
('s4oofrtnbcsru2idj7ke72q0qlejuh98', '::1', 1527652747, 0x5f5f63695f6c6173745f726567656e65726174657c693a313532373635323734373b7573657269647c733a313a2231223b6b65797c4e3b656d7069647c733a313a2231223b756e616d657c733a363a226d6e616c757a223b656d61696c7c733a33373a224d61726b416e74686f6e792e4e616c757a406d65676173706f727473776f726c642e636f6d223b66756c6c6e616d657c733a31383a224d61726b20416e74686f6e79204e616c757a223b6c6f676765645f696e7c623a313b),
('o5veq008t78felskucds3bqpf0t0833j', '::1', 1527653076, 0x5f5f63695f6c6173745f726567656e65726174657c693a313532373635333037363b7573657269647c733a313a2231223b6b65797c4e3b656d7069647c733a313a2231223b756e616d657c733a363a226d6e616c757a223b656d61696c7c733a33373a224d61726b416e74686f6e792e4e616c757a406d65676173706f727473776f726c642e636f6d223b66756c6c6e616d657c733a31383a224d61726b20416e74686f6e79204e616c757a223b6c6f676765645f696e7c623a313b),
('8f4391jtfkudj7sc4kivfpa655j9oekq', '::1', 1527653959, 0x5f5f63695f6c6173745f726567656e65726174657c693a313532373635333935393b7573657269647c733a313a2231223b6b65797c4e3b656d7069647c733a313a2231223b756e616d657c733a363a226d6e616c757a223b656d61696c7c733a33373a224d61726b416e74686f6e792e4e616c757a406d65676173706f727473776f726c642e636f6d223b66756c6c6e616d657c733a31383a224d61726b20416e74686f6e79204e616c757a223b6c6f676765645f696e7c623a313b),
('rlnuq4lcfsot6j02i61mvedchjsajhl3', '::1', 1527653959, 0x5f5f63695f6c6173745f726567656e65726174657c693a313532373635333935393b7573657269647c733a313a2231223b6b65797c4e3b656d7069647c733a313a2231223b756e616d657c733a363a226d6e616c757a223b656d61696c7c733a33373a224d61726b416e74686f6e792e4e616c757a406d65676173706f727473776f726c642e636f6d223b66756c6c6e616d657c733a31383a224d61726b20416e74686f6e79204e616c757a223b6c6f676765645f696e7c623a313b);

-- --------------------------------------------------------

--
-- Table structure for table `lvf_users`
--

CREATE TABLE `lvf_users` (
  `userid` int(11) NOT NULL,
  `employee_id` int(15) DEFAULT NULL,
  `username` varchar(50) CHARACTER SET utf8 NOT NULL,
  `password` text CHARACTER SET utf8,
  `fullname` varchar(255) CHARACTER SET ucs2 DEFAULT NULL,
  `address` text CHARACTER SET utf8,
  `email` varchar(100) CHARACTER SET utf8 DEFAULT NULL,
  `cp_no` varchar(13) DEFAULT NULL,
  `gender` varchar(20) CHARACTER SET utf8 DEFAULT NULL,
  `role` int(2) NOT NULL DEFAULT '0',
  `activation_key` varchar(255) CHARACTER SET utf8 DEFAULT NULL,
  `activate` int(2) NOT NULL DEFAULT '0',
  `resetpasskey` varchar(255) CHARACTER SET utf8 DEFAULT NULL,
  `resetdate` datetime DEFAULT NULL,
  `active` int(2) NOT NULL DEFAULT '0',
  `lastactivity` datetime DEFAULT NULL,
  `created_at` datetime DEFAULT NULL,
  `updated_at` datetime DEFAULT NULL,
  `created_by` varchar(50) CHARACTER SET utf8 DEFAULT NULL,
  `updated_by` varchar(50) CHARACTER SET utf8 DEFAULT NULL
) ENGINE=InnoDB DEFAULT CHARSET=latin1;

--
-- Dumping data for table `lvf_users`
--

INSERT INTO `lvf_users` (`userid`, `employee_id`, `username`, `password`, `fullname`, `address`, `email`, `cp_no`, `gender`, `role`, `activation_key`, `activate`, `resetpasskey`, `resetdate`, `active`, `lastactivity`, `created_at`, `updated_at`, `created_by`, `updated_by`) VALUES
(1, 1, 'mnaluz', '$2y$10$GuRlpl5D6RlX1xoLU8oTrOPNMeCN1WCbtzMipe4EieK81xIgpYQwa', 'Mark Anthony Naluz', 'Barangka Itaas, Mandaluyong City', 'MarkAnthony.Naluz@megasportsworld.com', '9063171476', 'male', 0, NULL, 1, NULL, NULL, 0, NULL, NULL, NULL, NULL, NULL),
(2, 2, 'alizajoy', NULL, NULL, NULL, 'alizajoy.solomon@megasportsworld.com', NULL, NULL, 0, NULL, 1, 'QNMWpeA7y0cXHjd1xntCJKS6bi4DVLZmfUI29sBgvRaY5PFqlG', NULL, 0, NULL, NULL, NULL, NULL, NULL),
(3, 3, 'kristal', NULL, NULL, NULL, 'Kristallynn.Tolentino@megasportsworld.com', NULL, NULL, 0, NULL, 1, '1b6EWCAGtdRiFBoSqT34KzNrpHQxf9DksmJa2g8cMOjXnh75Pw', NULL, 0, NULL, NULL, NULL, NULL, NULL),
(4, 4, 'resty', NULL, NULL, NULL, 'RestyJay.Alejo@megasportsworld.com', NULL, NULL, 0, NULL, 1, 'Gx4pskTNWbSoh8KRm65ctOgIXEraQAqZed29FnjfHLuJ7DUB1z', NULL, 0, NULL, NULL, NULL, NULL, NULL),
(5, 5, 'jai28', NULL, NULL, NULL, 'Jai-Ann.Sotto@megasportsworld.com', NULL, NULL, 0, NULL, 1, '3Rkclf8qErCgzIOda9DAQFsiWyGuXSb15eTjM6oLJvZxwt7UYn', NULL, 0, NULL, NULL, NULL, NULL, NULL),
(6, 6, 'mgrace', NULL, NULL, NULL, 'MaryGraceEden.Basuel@megasportsworld.com', NULL, NULL, 0, NULL, 1, 't6gFhu1GfsBEQ4WrcUaV9Ym0AZTNHniyq37MCbvKeJOPdDlRXz', NULL, 0, NULL, NULL, NULL, NULL, NULL),
(7, 7, 'xtian', NULL, NULL, NULL, 'Christian.Realubit@megasportsworld.com', NULL, NULL, 0, NULL, 1, 'rWOvHoi4yaUM7qF8PT3BsIDxYpnXNcAtZwuEb9QhjdCK1VkGLJ', NULL, 0, NULL, NULL, NULL, NULL, NULL),
(8, 8, 'sherwin', NULL, NULL, NULL, 'SherwinNino.Macalintal@megasportsworld.com', NULL, NULL, 0, NULL, 1, 'rFgBN9eMqAOWJPzGp65i7XxS48nLfZUEVQHvCot01IuY2lTham', NULL, 0, NULL, NULL, NULL, NULL, NULL),
(9, 9, 'jpaul', NULL, NULL, NULL, 'JohnPaul.Quidilla@megasportsworld.com', NULL, NULL, 0, NULL, 1, 'LO01WDtM9kbvAN7irqCJheG8uaPESpgZI2cXHwzTR4V3fFoKyd', NULL, 0, NULL, NULL, NULL, NULL, NULL);

--
-- Indexes for dumped tables
--

--
-- Indexes for table `lvf_employee`
--
ALTER TABLE `lvf_employee`
  ADD PRIMARY KEY (`id`);

--
-- Indexes for table `lvf_leavebalance`
--
ALTER TABLE `lvf_leavebalance`
  ADD PRIMARY KEY (`id`);

--
-- Indexes for table `lvf_leavehistory`
--
ALTER TABLE `lvf_leavehistory`
  ADD PRIMARY KEY (`id`);

--
-- Indexes for table `lvf_sessions`
--
ALTER TABLE `lvf_sessions`
  ADD KEY `ci_sessions_timestamp` (`timestamp`);

--
-- Indexes for table `lvf_users`
--
ALTER TABLE `lvf_users`
  ADD PRIMARY KEY (`userid`);

--
-- AUTO_INCREMENT for dumped tables
--

--
-- AUTO_INCREMENT for table `lvf_employee`
--
ALTER TABLE `lvf_employee`
  MODIFY `id` int(15) NOT NULL AUTO_INCREMENT, AUTO_INCREMENT=10;

--
-- AUTO_INCREMENT for table `lvf_leavebalance`
--
ALTER TABLE `lvf_leavebalance`
  MODIFY `id` int(11) NOT NULL AUTO_INCREMENT, AUTO_INCREMENT=10;

--
-- AUTO_INCREMENT for table `lvf_leavehistory`
--
ALTER TABLE `lvf_leavehistory`
  MODIFY `id` int(11) NOT NULL AUTO_INCREMENT, AUTO_INCREMENT=3;

--
-- AUTO_INCREMENT for table `lvf_users`
--
ALTER TABLE `lvf_users`
  MODIFY `userid` int(11) NOT NULL AUTO_INCREMENT, AUTO_INCREMENT=10;
COMMIT;

/*!40101 SET CHARACTER_SET_CLIENT=@OLD_CHARACTER_SET_CLIENT */;
/*!40101 SET CHARACTER_SET_RESULTS=@OLD_CHARACTER_SET_RESULTS */;
/*!40101 SET COLLATION_CONNECTION=@OLD_COLLATION_CONNECTION */;
